{"app_id":"7","country_code":"DE","impression":32,"clicks":32,"sum(revenue)":11.411954343923577}
{"app_id":"33","impression":127,"clicks":127,"sum(revenue)":73.71962636773625}
