{"app_id":"33","country_code":"US","impression":12,"clicks":12,"sum(revenue)":22.241747566824856}
{"app_id":"27","impression":15,"clicks":15,"sum(revenue)":40.962770188893806}
